{"v":"5.7.13","fr":29.9700012207031,"ip":0,"op":180.00000733155,"w":1080,"h":1080,"nm":"Failed","ddd":0,"assets":[{"id":"comp_0","nm":"x merah","layers":[{"ddd":0,"ind":1,"ty":4,"nm":"Layer 8 Outlines","sr":1,"ks":{"o":{"a":0,"k":100,"ix":11},"r":{"a":0,"k":0,"ix":10},"p":{"a":0,"k":[214.595,421.61,0],"ix":2,"l":2},"a":{"a":0,"k":[26.735,26.736,0],"ix":1,"l":2},"s":{"a":1,"k":[{"i":{"x":[0.089,0.089,0.667],"y":[1,1,-27.681]},"o":{"x":[0.686,0.686,0.333],"y":[0,0,0]},"t":15,"s":[0,0,100]},{"i":{"x":[0.17,0.17,0.667],"y":[1,1,1]},"o":{"x":[1,1,0.333],"y":[0.008,0.008,10.43]},"t":26,"s":[110,110,100]},{"i":{"x":[0.833,0.833,0.833],"y":[1,1,1]},"o":{"x":[0.167,0.167,0.167],"y":[0,0,0]},"t":30,"s":[100,100,100]},{"i":{"x":[0.833,0.833,0.833],"y":[1,1,1]},"o":{"x":[0.167,0.167,0.167],"y":[0,0,0]},"t":43,"s":[100,100,100]},{"i":{"x":[0.833,0.833,0.833],"y":[1,1,1]},"o":{"x":[0.167,0.167,0.167],"y":[0,0,0]},"t":47,"s":[110,110,100]},{"i":{"x":[0.833,0.833,0.833],"y":[1,1,1]},"o":{"x":[0.167,0.167,0.167],"y":[0,0,0]},"t":51,"s":[100,100,100]},{"i":{"x":[0.833,0.833,0.833],"y":[1,1,1]},"o":{"x":[0.167,0.167,0.167],"y":[0,0,0]},"t":62,"s":[100,100,100]},{"i":{"x":[0.833,0.833,0.833],"y":[1,1,1]},"o":{"x":[0.167,0.167,0.167],"y":[0,0,0]},"t":66,"s":[110,110,100]},{"i":{"x":[0.833,0.833,0.833],"y":[1,1,1]},"o":{"x":[0.167,0.167,0.167],"y":[0,0,0]},"t":70,"s":[100,100,100]},{"i":{"x":[0.833,0.833,0.833],"y":[1,1,1]},"o":{"x":[0.167,0.167,0.167],"y":[0,0,0]},"t":82,"s":[100,100,100]},{"i":{"x":[0.833,0.833,0.833],"y":[1,1,1]},"o":{"x":[0.167,0.167,0.167],"y":[0,0,0]},"t":86,"s":[110,110,100]},{"i":{"x":[0.833,0.833,0.833],"y":[1,1,1]},"o":{"x":[0.167,0.167,0.167],"y":[0,0,0]},"t":90,"s":[100,100,100]},{"i":{"x":[0.833,0.833,0.833],"y":[1,1,1]},"o":{"x":[0.167,0.167,0.167],"y":[0,0,0]},"t":101,"s":[100,100,100]},{"i":{"x":[0.833,0.833,0.833],"y":[1,1,1]},"o":{"x":[0.167,0.167,0.167],"y":[0,0,0]},"t":105,"s":[110,110,100]},{"i":{"x":[0.833,0.833,0.833],"y":[1,1,1]},"o":{"x":[0.167,0.167,0.167],"y":[0,0,0]},"t":109,"s":[100,100,100]},{"i":{"x":[0.833,0.833,0.833],"y":[1,1,1]},"o":{"x":[0.167,0.167,0.167],"y":[0,0,0]},"t":122,"s":[100,100,100]},{"i":{"x":[0.833,0.833,0.833],"y":[1,1,1]},"o":{"x":[0.167,0.167,0.167],"y":[0,0,0]},"t":126,"s":[110,110,100]},{"i":{"x":[0.833,0.833,0.833],"y":[1,1,1]},"o":{"x":[0.167,0.167,0.167],"y":[0,0,0]},"t":130,"s":[100,100,100]},{"i":{"x":[0.833,0.833,0.833],"y":[1,1,1]},"o":{"x":[0.167,0.167,0.167],"y":[0,0,0]},"t":141,"s":[100,100,100]},{"i":{"x":[0.833,0.833,0.833],"y":[1,1,1]},"o":{"x":[0.167,0.167,0.167],"y":[0,0,0]},"t":145,"s":[110,110,100]},{"i":{"x":[0.833,0.833,0.833],"y":[1,1,1]},"o":{"x":[0.167,0.167,0.167],"y":[0,0,0]},"t":149,"s":[100,100,100]},{"i":{"x":[0.833,0.833,0.833],"y":[1,1,1]},"o":{"x":[0.167,0.167,0.167],"y":[0,0,0]},"t":159,"s":[100,100,100]},{"i":{"x":[0.833,0.833,0.833],"y":[1,1,1]},"o":{"x":[0.167,0.167,0.167],"y":[0,0,0]},"t":163,"s":[110,110,100]},{"t":167.000006802049,"s":[100,100,100]}],"ix":6,"l":2}},"ao":0,"shapes":[{"ty":"gr","it":[{"ind":0,"ty":"sh","ix":1,"ks":{"a":0,"k":{"i":[[0,0],[0,0],[1.425,1.559],[1.559,-1.425],[0,0],[0,0],[1.56,-1.425],[-1.425,-1.56],[0,0],[0,0],[-1.425,-1.559],[-1.56,1.425],[0,0],[0,0],[-1.56,1.425],[1.425,1.559]],"o":[[0,0],[1.559,-1.425],[-1.424,-1.56],[0,0],[0,0],[-1.425,-1.56],[-1.559,1.425],[0,0],[0,0],[-1.559,1.425],[1.425,1.56],[0,0],[0,0],[1.425,1.56],[1.559,-1.425],[0,0]],"v":[[5.404,0.243],[24.817,-17.495],[25.06,-22.899],[19.657,-23.143],[0.244,-5.403],[-17.495,-24.817],[-22.899,-25.061],[-23.142,-19.657],[-5.404,-0.244],[-24.817,17.494],[-25.06,22.898],[-19.656,23.142],[-0.243,5.403],[17.495,24.816],[22.899,25.06],[23.143,19.656]],"c":true},"ix":2},"nm":"Path 1","mn":"ADBE Vector Shape - Group","hd":false},{"ty":"fl","c":{"a":0,"k":[0.956862804936,0.258823529412,0.376470618154,1],"ix":4},"o":{"a":0,"k":100,"ix":5},"r":1,"bm":0,"nm":"Fill 1","mn":"ADBE Vector Graphic - Fill","hd":false},{"ty":"tr","p":{"a":0,"k":[26.735,26.736],"ix":2},"a":{"a":0,"k":[0,0],"ix":1},"s":{"a":0,"k":[100,100],"ix":3},"r":{"a":0,"k":0,"ix":6},"o":{"a":0,"k":100,"ix":7},"sk":{"a":0,"k":0,"ix":4},"sa":{"a":0,"k":0,"ix":5},"nm":"Transform"}],"nm":"Group 1","np":2,"cix":2,"bm":0,"ix":1,"mn":"ADBE Vector Group","hd":false}],"ip":15.0000006109625,"op":315.000012830213,"st":15.0000006109625,"bm":0}]}],"layers":[{"ddd":0,"ind":1,"ty":4,"nm":"X","parent":2,"sr":1,"ks":{"o":{"a":0,"k":100,"ix":11},"r":{"a":0,"k":0,"ix":10},"p":{"a":0,"k":[253.542,163.42,0],"ix":2,"l":2},"a":{"a":0,"k":[83.59,83.59,0],"ix":1,"l":2},"s":{"a":1,"k":[{"i":{"x":[0.263,0.263,0.667],"y":[1,1,1]},"o":{"x":[0.606,0.606,0.333],"y":[0,0,0]},"t":11,"s":[0,0,100]},{"i":{"x":[0.382,0.382,0.667],"y":[1,1,1]},"o":{"x":[0.64,0.64,0.333],"y":[0,0,0]},"t":21,"s":[120,120,100]},{"t":24.00000097754,"s":[100,100,100]}],"ix":6,"l":2}},"ao":0,"shapes":[{"ty":"gr","it":[{"ind":0,"ty":"sh","ix":1,"ks":{"a":0,"k":{"i":[[0,0],[0,0],[4.954,3.732],[3.733,-4.954],[0,0],[0,0],[3.732,-4.954],[-4.954,-3.732],[0,0],[0,0],[-4.954,-3.732],[-3.732,4.954],[0,0],[0,0],[-3.732,4.954],[4.954,3.732]],"o":[[0,0],[3.732,-4.954],[-4.954,-3.733],[0,0],[0,0],[-4.954,-3.732],[-3.732,4.954],[0,0],[0,0],[-3.732,4.954],[4.954,3.732],[0,0],[0,0],[4.954,3.732],[3.732,-4.954],[0,0]],"v":[[15.728,-2.212],[62.185,-63.88],[59.973,-79.607],[44.245,-77.395],[-2.212,-15.727],[-63.88,-62.185],[-79.608,-59.973],[-77.396,-44.246],[-15.728,2.213],[-62.186,63.881],[-59.974,79.608],[-44.246,77.396],[2.212,15.728],[63.88,62.186],[79.607,59.974],[77.395,44.246]],"c":true},"ix":2},"nm":"Path 1","mn":"ADBE Vector Shape - Group","hd":false},{"ty":"fl","c":{"a":0,"k":[1,1,1,1],"ix":4},"o":{"a":0,"k":100,"ix":5},"r":1,"bm":0,"nm":"Fill 1","mn":"ADBE Vector Graphic - Fill","hd":false},{"ty":"tr","p":{"a":0,"k":[83.59,83.59],"ix":2},"a":{"a":0,"k":[0,0],"ix":1},"s":{"a":0,"k":[100,100],"ix":3},"r":{"a":0,"k":0,"ix":6},"o":{"a":0,"k":100,"ix":7},"sk":{"a":0,"k":0,"ix":4},"sa":{"a":0,"k":0,"ix":5},"nm":"Transform"}],"nm":"Group 1","np":2,"cix":2,"bm":0,"ix":1,"mn":"ADBE Vector Group","hd":false}],"ip":5.00000020365417,"op":305.000012422905,"st":5.00000020365417,"bm":0},{"ddd":0,"ind":2,"ty":4,"nm":"Box","sr":1,"ks":{"o":{"a":0,"k":100,"ix":11},"r":{"a":1,"k":[{"i":{"x":[0.667],"y":[1]},"o":{"x":[0.333],"y":[0]},"t":5,"s":[-42]},{"i":{"x":[0.833],"y":[1]},"o":{"x":[0.167],"y":[0]},"t":27,"s":[0]},{"i":{"x":[0.833],"y":[1]},"o":{"x":[0.167],"y":[0]},"t":34,"s":[0]},{"i":{"x":[0.672],"y":[1]},"o":{"x":[0.304],"y":[0]},"t":37,"s":[8]},{"i":{"x":[0.639],"y":[1]},"o":{"x":[0.345],"y":[0]},"t":40,"s":[-6]},{"i":{"x":[0.645],"y":[1]},"o":{"x":[0.381],"y":[0]},"t":46,"s":[2]},{"i":{"x":[0.66],"y":[1]},"o":{"x":[0.311],"y":[0]},"t":49,"s":[-6]},{"i":{"x":[0.833],"y":[1]},"o":{"x":[0.167],"y":[0]},"t":52,"s":[0]},{"i":{"x":[0.833],"y":[1]},"o":{"x":[0.167],"y":[0]},"t":84,"s":[0]},{"i":{"x":[0.672],"y":[1]},"o":{"x":[0.304],"y":[0]},"t":87,"s":[8]},{"i":{"x":[0.639],"y":[1]},"o":{"x":[0.345],"y":[0]},"t":90,"s":[-6]},{"i":{"x":[0.645],"y":[1]},"o":{"x":[0.381],"y":[0]},"t":96,"s":[2]},{"i":{"x":[0.66],"y":[1]},"o":{"x":[0.311],"y":[0]},"t":99,"s":[-6]},{"i":{"x":[0.833],"y":[1]},"o":{"x":[0.167],"y":[0]},"t":102,"s":[0]},{"i":{"x":[0.833],"y":[1]},"o":{"x":[0.167],"y":[0]},"t":145,"s":[0]},{"i":{"x":[0.672],"y":[1]},"o":{"x":[0.304],"y":[0]},"t":148,"s":[8]},{"i":{"x":[0.639],"y":[1]},"o":{"x":[0.345],"y":[0]},"t":151,"s":[-6]},{"i":{"x":[0.645],"y":[1]},"o":{"x":[0.381],"y":[0]},"t":157,"s":[2]},{"i":{"x":[0.66],"y":[1]},"o":{"x":[0.311],"y":[0]},"t":160,"s":[-6]},{"t":163.000006639126,"s":[0]}],"ix":10},"p":{"a":0,"k":[460.716,718.089,0],"ix":2,"l":2},"a":{"a":0,"k":[192.659,365.072,0],"ix":1,"l":2},"s":{"a":1,"k":[{"i":{"x":[0.368,0.368,0.667],"y":[1,1,1]},"o":{"x":[0.536,0.536,0.333],"y":[0,0,0]},"t":5,"s":[0,0,100]},{"i":{"x":[0.611,0.611,0.667],"y":[1,1,1]},"o":{"x":[0.47,0.47,0.333],"y":[0,0,0]},"t":20,"s":[110,110,100]},{"t":27.0000010997325,"s":[100,100,100]}],"ix":6,"l":2}},"ao":0,"shapes":[{"ty":"gr","it":[{"ind":0,"ty":"sh","ix":1,"ks":{"a":0,"k":{"i":[[-0.554,-3.57],[0,0],[-15.7,2.754],[0,0],[-1.474,-2.188],[0,0],[-1.544,5.478],[0,0],[-2.427,0.516],[0,0],[0.481,3.471],[0,0],[12.957,-2.407],[0,0]],"o":[[0,0],[2.444,15.751],[0,0],[2.598,-0.456],[0,0],[3.181,4.72],[0,0],[0.673,-2.388],[0,0],[3.427,-0.729],[0,0],[-1.809,-13.054],[0,0],[-3.552,0.66]],"v":[[-255.854,-89.404],[-221.849,129.756],[-188.804,153.428],[-101.421,138.102],[-94.726,140.95],[-69.69,178.103],[-57.717,176.182],[-45.162,131.635],[-40.12,126.912],[250.699,65.064],[255.928,57.612],[225.659,-160.868],[198.549,-180.415],[-250.472,-96.998]],"c":true},"ix":2},"nm":"Path 1","mn":"ADBE Vector Shape - Group","hd":false},{"ty":"fl","c":{"a":0,"k":[0.956862804936,0.258823529412,0.376470618154,1],"ix":4},"o":{"a":0,"k":100,"ix":5},"r":1,"bm":0,"nm":"Fill 1","mn":"ADBE Vector Graphic - Fill","hd":false},{"ty":"tr","p":{"a":0,"k":[256.658,183.072],"ix":2},"a":{"a":0,"k":[0,0],"ix":1},"s":{"a":0,"k":[100,100],"ix":3},"r":{"a":0,"k":0,"ix":6},"o":{"a":0,"k":100,"ix":7},"sk":{"a":0,"k":0,"ix":4},"sa":{"a":0,"k":0,"ix":5},"nm":"Transform"}],"nm":"Group 1","np":2,"cix":2,"bm":0,"ix":1,"mn":"ADBE Vector Group","hd":false}],"ip":5.00000020365417,"op":305.000012422905,"st":5.00000020365417,"bm":0},{"ddd":0,"ind":3,"ty":4,"nm":"line 3","parent":2,"sr":1,"ks":{"o":{"a":0,"k":100,"ix":11},"r":{"a":0,"k":0,"ix":10},"p":{"a":0,"k":[392.012,287.044,0],"ix":2,"l":2},"a":{"a":0,"k":[117.667,25.963,0],"ix":1,"l":2},"s":{"a":0,"k":[100,100,100],"ix":6,"l":2}},"ao":0,"shapes":[{"ty":"gr","it":[{"ind":0,"ty":"sh","ix":1,"ks":{"a":0,"k":{"i":[[0,0],[0,0]],"o":[[0,0],[0,0]],"v":[[-116.167,24.463],[116.167,-24.463]],"c":false},"ix":2},"nm":"Path 1","mn":"ADBE Vector Shape - Group","hd":false},{"ty":"st","c":{"a":0,"k":[0.956862807274,0.258823543787,0.376470625401,1],"ix":3},"o":{"a":0,"k":100,"ix":4},"w":{"a":0,"k":3,"ix":5},"lc":1,"lj":1,"ml":10,"bm":0,"nm":"Stroke 1","mn":"ADBE Vector Graphic - Stroke","hd":false},{"ty":"tr","p":{"a":0,"k":[117.667,25.964],"ix":2},"a":{"a":0,"k":[0,0],"ix":1},"s":{"a":0,"k":[100,100],"ix":3},"r":{"a":0,"k":0,"ix":6},"o":{"a":0,"k":100,"ix":7},"sk":{"a":0,"k":0,"ix":4},"sa":{"a":0,"k":0,"ix":5},"nm":"Transform"}],"nm":"Group 1","np":2,"cix":2,"bm":0,"ix":1,"mn":"ADBE Vector Group","hd":false}],"ip":5.00000020365417,"op":305.000012422905,"st":5.00000020365417,"bm":0},{"ddd":0,"ind":4,"ty":4,"nm":"line 2","parent":2,"sr":1,"ks":{"o":{"a":0,"k":100,"ix":11},"r":{"a":0,"k":0,"ix":10},"p":{"a":0,"k":[180.547,365.912,0],"ix":2,"l":2},"a":{"a":0,"k":[35.85,42.639,0],"ix":1,"l":2},"s":{"a":0,"k":[100,100,100],"ix":6,"l":2}},"ao":0,"shapes":[{"ty":"gr","it":[{"ind":0,"ty":"sh","ix":1,"ks":{"a":0,"k":{"i":[[0,0],[0,0],[-5.245,23.6],[0,0]],"o":[[0,0],[0,0],[2.68,-12.062],[0,0]],"v":[[-28.349,-35.139],[6.264,15.21],[25.669,11.538],[27.88,1.587]],"c":false},"ix":2},"nm":"Path 1","mn":"ADBE Vector Shape - Group","hd":false},{"ty":"st","c":{"a":0,"k":[0.956862804936,0.258823529412,0.376470618154,1],"ix":3},"o":{"a":0,"k":100,"ix":4},"w":{"a":0,"k":3,"ix":5},"lc":1,"lj":1,"ml":10,"bm":0,"nm":"Stroke 1","mn":"ADBE Vector Graphic - Stroke","hd":false},{"ty":"tr","p":{"a":0,"k":[35.85,42.639],"ix":2},"a":{"a":0,"k":[0,0],"ix":1},"s":{"a":0,"k":[100,100],"ix":3},"r":{"a":0,"k":0,"ix":6},"o":{"a":0,"k":100,"ix":7},"sk":{"a":0,"k":0,"ix":4},"sa":{"a":0,"k":0,"ix":5},"nm":"Transform"}],"nm":"Group 1","np":2,"cix":2,"bm":0,"ix":1,"mn":"ADBE Vector Group","hd":false}],"ip":5.00000020365417,"op":305.000012422905,"st":5.00000020365417,"bm":0},{"ddd":0,"ind":5,"ty":4,"nm":"line 1","parent":2,"sr":1,"ks":{"o":{"a":0,"k":100,"ix":11},"r":{"a":0,"k":0,"ix":10},"p":{"a":0,"k":[51.043,229.493,0],"ix":2,"l":2},"a":{"a":0,"k":[66.516,132.12,0],"ix":1,"l":2},"s":{"a":0,"k":[100,100,100],"ix":6,"l":2}},"ao":0,"shapes":[{"ty":"gr","it":[{"ind":0,"ty":"sh","ix":1,"ks":{"a":0,"k":{"i":[[0,0],[-9.356,-50.368],[0,0],[0,0]],"o":[[0,0],[5.705,30.712],[0,0],[0,0]],"v":[[-59.016,-124.62],[-30.016,93.909],[13.883,120.301],[59.016,113.368]],"c":false},"ix":2},"nm":"Path 1","mn":"ADBE Vector Shape - Group","hd":false},{"ty":"st","c":{"a":0,"k":[0.956862804936,0.258823529412,0.376470618154,1],"ix":3},"o":{"a":0,"k":100,"ix":4},"w":{"a":0,"k":3,"ix":5},"lc":1,"lj":1,"ml":10,"bm":0,"nm":"Stroke 1","mn":"ADBE Vector Graphic - Stroke","hd":false},{"ty":"tr","p":{"a":0,"k":[66.516,132.12],"ix":2},"a":{"a":0,"k":[0,0],"ix":1},"s":{"a":0,"k":[100,100],"ix":3},"r":{"a":0,"k":0,"ix":6},"o":{"a":0,"k":100,"ix":7},"sk":{"a":0,"k":0,"ix":4},"sa":{"a":0,"k":0,"ix":5},"nm":"Transform"}],"nm":"Group 1","np":2,"cix":2,"bm":0,"ix":1,"mn":"ADBE Vector Group","hd":false}],"ip":5.00000020365417,"op":305.000012422905,"st":5.00000020365417,"bm":0},{"ddd":0,"ind":6,"ty":0,"nm":"x merah","refId":"comp_0","sr":1,"ks":{"o":{"a":0,"k":100,"ix":11},"r":{"a":0,"k":0,"ix":10},"p":{"a":0,"k":[826,962,0],"ix":2,"l":2},"a":{"a":0,"k":[540,540,0],"ix":1,"l":2},"s":{"a":0,"k":[125,125,100],"ix":6,"l":2}},"ao":0,"w":1080,"h":1080,"ip":6.00000024438501,"op":306.000012463636,"st":6.00000024438501,"bm":0},{"ddd":0,"ind":7,"ty":0,"nm":"x merah","refId":"comp_0","sr":1,"ks":{"o":{"a":0,"k":100,"ix":11},"r":{"a":0,"k":0,"ix":10},"p":{"a":0,"k":[1150,420,0],"ix":2,"l":2},"a":{"a":0,"k":[540,540,0],"ix":1,"l":2},"s":{"a":0,"k":[133,133,100],"ix":6,"l":2}},"ao":0,"w":1080,"h":1080,"ip":6.00000024438501,"op":306.000012463636,"st":6.00000024438501,"bm":0},{"ddd":0,"ind":8,"ty":0,"nm":"x merah","refId":"comp_0","sr":1,"ks":{"o":{"a":0,"k":100,"ix":11},"r":{"a":0,"k":0,"ix":10},"p":{"a":0,"k":[1059,683,0],"ix":2,"l":2},"a":{"a":0,"k":[540,540,0],"ix":1,"l":2},"s":{"a":0,"k":[64,64,100],"ix":6,"l":2}},"ao":0,"w":1080,"h":1080,"ip":0,"op":300.00001221925,"st":0,"bm":0},{"ddd":0,"ind":9,"ty":0,"nm":"x merah","refId":"comp_0","sr":1,"ks":{"o":{"a":0,"k":100,"ix":11},"r":{"a":0,"k":0,"ix":10},"p":{"a":0,"k":[540,540,0],"ix":2,"l":2},"a":{"a":0,"k":[540,540,0],"ix":1,"l":2},"s":{"a":0,"k":[100,100,100],"ix":6,"l":2}},"ao":0,"w":1080,"h":1080,"ip":0,"op":300.00001221925,"st":0,"bm":0},{"ddd":0,"ind":10,"ty":4,"nm":"Layer 7/Failed Outlines","sr":1,"ks":{"o":{"a":0,"k":100,"ix":11},"r":{"a":0,"k":0,"ix":10},"p":{"a":0,"k":[540,540,0],"ix":2,"l":2},"a":{"a":0,"k":[299.5,299.5,0],"ix":1,"l":2},"s":{"a":1,"k":[{"i":{"x":[0.382,0.382,0.667],"y":[1,1,1]},"o":{"x":[0.574,0.574,0.333],"y":[0,0,0]},"t":0,"s":[0,0,100]},{"i":{"x":[0.472,0.472,0.667],"y":[1,1,1]},"o":{"x":[0.6,0.6,0.333],"y":[0,0,0]},"t":12,"s":[110,110,100]},{"i":{"x":[0.833,0.833,0.833],"y":[1,1,1]},"o":{"x":[0.333,0.333,0.333],"y":[0,0,0]},"t":19,"s":[100,100,100]},{"i":{"x":[0.833,0.833,0.833],"y":[1,1,1]},"o":{"x":[0.167,0.167,0.167],"y":[0,0,0]},"t":29,"s":[100,100,100]},{"i":{"x":[0.833,0.833,0.833],"y":[1,1,1]},"o":{"x":[0.167,0.167,0.167],"y":[0,0,0]},"t":47,"s":[110,110,100]},{"i":{"x":[0.833,0.833,0.833],"y":[1,1,1]},"o":{"x":[0.167,0.167,0.167],"y":[0,0,0]},"t":66,"s":[100,100,100]},{"i":{"x":[0.833,0.833,0.833],"y":[1,1,1]},"o":{"x":[0.167,0.167,0.167],"y":[0,0,0]},"t":86,"s":[110,110,100]},{"i":{"x":[0.833,0.833,0.833],"y":[1,1,1]},"o":{"x":[0.167,0.167,0.167],"y":[0,0,0]},"t":105,"s":[100,100,100]},{"i":{"x":[0.833,0.833,0.833],"y":[1,1,1]},"o":{"x":[0.167,0.167,0.167],"y":[0,0,0]},"t":126,"s":[110,110,100]},{"i":{"x":[0.833,0.833,0.833],"y":[1,1,1]},"o":{"x":[0.167,0.167,0.167],"y":[0,0,0]},"t":145,"s":[100,100,100]},{"i":{"x":[0.833,0.833,0.833],"y":[1,1,1]},"o":{"x":[0.167,0.167,0.167],"y":[0,0,0]},"t":163,"s":[110,110,100]},{"t":182.000007413012,"s":[100,100,100]}],"ix":6,"l":2}},"ao":0,"shapes":[{"ty":"gr","it":[{"ind":0,"ty":"sh","ix":1,"ks":{"a":0,"k":{"i":[[0,-165],[165.001,0],[0,165],[-165,0]],"o":[[0,165],[-165,0],[0,-165],[165.001,0]],"v":[[298.759,0],[-0.001,298.76],[-298.759,0],[-0.001,-298.76]],"c":true},"ix":2},"nm":"Path 1","mn":"ADBE Vector Shape - Group","hd":false},{"ty":"fl","c":{"a":0,"k":[0.937254961799,0.937254961799,0.937254961799,1],"ix":4},"o":{"a":0,"k":100,"ix":5},"r":1,"bm":0,"nm":"Fill 1","mn":"ADBE Vector Graphic - Fill","hd":false},{"ty":"tr","p":{"a":0,"k":[299.009,299.01],"ix":2},"a":{"a":0,"k":[0,0],"ix":1},"s":{"a":0,"k":[100,100],"ix":3},"r":{"a":0,"k":0,"ix":6},"o":{"a":0,"k":100,"ix":7},"sk":{"a":0,"k":0,"ix":4},"sa":{"a":0,"k":0,"ix":5},"nm":"Transform"}],"nm":"Group 1","np":2,"cix":2,"bm":0,"ix":1,"mn":"ADBE Vector Group","hd":false}],"ip":0,"op":300.00001221925,"st":0,"bm":0}],"markers":[]}